id,first_name,last_name,email,gender,ip_address
1,Margarete,Collopy,mcollopy0@skyrock.com,Polygender,56.20.83.133
2,Shari,Charleston,scharleston1@ibm.com,Female,48.171.17.34
3,Quinn,Loffhead,qloffhead2@mapy.cz,Male,128.211.218.161
4,Idelle,Sleath,isleath3@unc.edu,Female,200.151.79.91
5,Barbara,Wolffers,bwolffers4@hugedomains.com,Female,148.212.173.251
6,Patty,Locksley,plocksley5@google.ca,Male,45.218.46.58
7,Broddy,Browning,bbrowning6@squarespace.com,Male,1.253.141.119
8,Dianna,North,dnorth7@hp.com,Female,62.243.50.204
9,Erica,Epinoy,eepinoy8@yahoo.co.jp,Female,26.162.66.187
10,Winnifred,Rodge,wrodge9@forbes.com,Female,104.237.90.3
11,Hartwell,Wetton,hwettona@cpanel.net,Male,45.109.201.159
12,Corbin,Warricker,cwarrickerb@devhub.com,Male,114.184.231.164
13,Tamarah,Wix,twixc@forbes.com,Female,155.163.123.149
14,Vittorio,Sangar,vsangard@cdc.gov,Agender,250.107.153.120
15,Nady,Barehead,nbareheade@technorati.com,Female,247.24.107.167
16,Willdon,Presland,wpreslandf@hubpages.com,Male,50.27.222.150
17,Ida,Bartaloni,ibartalonig@jimdo.com,Polygender,133.181.45.168
18,Josi,Bleibaum,jbleibaumh@pinterest.com,Female,103.152.205.192
19,Marcus,Oppy,moppyi@multiply.com,Male,112.246.249.102
20,Aurea,Dunlap,adunlapj@java.com,Female,197.200.144.169
21,Lorenzo,Iiannoni,liiannonik@mlb.com,Male,32.116.10.166
22,Shannon,Huegett,shuegettl@360.cn,Female,37.8.24.50
23,Sidoney,Pigrome,spigromem@marriott.com,Female,214.60.45.44
24,Zacharia,Geck,zgeckn@theglobeandmail.com,Male,81.29.35.42
25,Philbert,Halfacre,phalfacreo@census.gov,Male,237.246.139.224
26,Reggy,Biggadike,rbiggadikep@netvibes.com,Male,174.97.24.118
27,Wilmette,Pickworth,wpickworthq@google.cn,Female,98.249.154.123
28,Leonerd,MacCole,lmaccoler@mac.com,Male,188.150.52.206
29,Fair,Yurshev,fyurshevs@marketwatch.com,Male,252.131.203.252
30,Nickie,Androletti,nandrolettit@digg.com,Female,91.212.27.149
31,Pen,Ogelsby,pogelsbyu@ucla.edu,Agender,1.56.146.35
32,Chauncey,Archibould,carchibouldv@ca.gov,Male,79.16.130.5
33,Berkie,Wilcocke,bwilcockew@sciencedirect.com,Male,10.196.188.233
34,Beatrix,Matcham,bmatchamx@ycombinator.com,Female,49.106.125.178
35,Sholom,Lawleff,slawleffy@ucoz.com,Male,46.124.115.129
36,Ganny,Littlepage,glittlepagez@ft.com,Male,248.121.85.117
37,Huntley,Tugman,htugman10@nih.gov,Genderfluid,226.77.65.247
38,Kalil,Selvey,kselvey11@feedburner.com,Male,95.97.150.204
39,Dara,Trethewey,dtrethewey12@paypal.com,Female,172.95.78.198
40,Karrah,Jamary,kjamary13@dedecms.com,Genderqueer,42.161.180.171
41,Berkeley,Quantrell,bquantrell14@time.com,Male,184.212.106.75
42,Durward,Kield,dkield15@fema.gov,Male,199.97.43.202
43,Brandy,Saben,bsaben16@ca.gov,Agender,142.206.6.66
44,Dilly,McWhinnie,dmcwhinnie17@blogs.com,Non-binary,80.62.194.164
45,Udale,Iveagh,uiveagh18@zimbio.com,Male,167.230.240.176
46,Linette,Arndtsen,larndtsen19@ameblo.jp,Female,172.213.233.231
47,Currey,Behne,cbehne1a@bandcamp.com,Male,100.96.133.72
48,Artemas,Sheere,asheere1b@digg.com,Male,218.117.203.41
49,Marcy,Gaber,mgaber1c@cloudflare.com,Female,137.78.112.165
50,Marshall,Heinsius,mheinsius1d@ftc.gov,Non-binary,42.48.189.120
51,Arni,Deverick,adeverick1e@nydailynews.com,Male,55.50.60.236
52,Faunie,Gingedale,fgingedale1f@tiny.cc,Female,66.72.183.87
53,Parnell,Stain,pstain1g@list-manage.com,Male,79.42.24.82
54,Morris,Cutting,mcutting1h@cornell.edu,Male,238.158.111.5
55,Guntar,Petru,gpetru1i@privacy.gov.au,Male,26.11.21.49
56,Desmond,Battie,dbattie1j@eepurl.com,Male,170.57.86.95
57,Godfry,Lettsom,glettsom1k@prnewswire.com,Male,192.241.47.251
58,Rochella,Scarsbrook,rscarsbrook1l@chron.com,Female,110.220.23.210
59,Candy,Ferraresi,cferraresi1m@nytimes.com,Female,193.223.190.160
60,Bridget,Nobbs,bnobbs1n@mayoclinic.com,Female,152.244.145.178
61,Verney,Santer,vsanter1o@reference.com,Male,49.120.23.105
62,Chick,Dugald,cdugald1p@europa.eu,Male,44.154.225.93
63,Kane,Hulks,khulks1q@blog.com,Male,183.59.231.215
64,Gayleen,Coughlin,gcoughlin1r@cloudflare.com,Female,30.41.195.174
65,Katerina,Ruselin,kruselin1s@webeden.co.uk,Female,55.175.97.108
66,Ingamar,Hail,ihail1t@toplist.cz,Male,50.175.39.8
67,Grannie,Orwin,gorwin1u@stumbleupon.com,Male,254.75.36.200
68,Eugine,Blackden,eblackden1v@blogger.com,Female,216.162.227.149
69,Cristen,Daily,cdaily1w@seesaa.net,Female,105.120.204.122
70,Rriocard,Gisbey,rgisbey1x@cyberchimps.com,Male,31.129.58.142
71,Deena,Berkelay,dberkelay1y@wsj.com,Female,57.213.32.252
72,Berky,Tarbatt,btarbatt1z@gov.uk,Male,82.40.53.62
73,Sim,Mellmer,smellmer20@omniture.com,Male,9.44.21.103
74,Emmi,Rowlett,erowlett21@ocn.ne.jp,Genderqueer,75.81.155.1
75,Rheta,Krollmann,rkrollmann22@seesaa.net,Female,106.232.19.181
76,Brocky,Esler,besler23@ihg.com,Male,127.147.172.84
77,Darrelle,Almey,dalmey24@bizjournals.com,Female,8.129.58.57
78,Lorna,Nation,lnation25@pagesperso-orange.fr,Female,186.171.181.169
79,Danika,Blinckhorne,dblinckhorne26@nyu.edu,Female,34.46.71.205
80,Salim,Million,smillion27@unc.edu,Male,196.94.69.163
81,Gordan,Kohrs,gkohrs28@intel.com,Genderfluid,45.149.191.249
82,Engracia,Chaney,echaney29@wikipedia.org,Female,191.115.64.88
83,Jennilee,Braunthal,jbraunthal2a@auda.org.au,Female,158.17.74.112
84,Keriann,Tuting,ktuting2b@wsj.com,Female,212.144.9.77
85,Maurise,Meijer,mmeijer2c@prlog.org,Female,73.210.5.209
86,Cynthie,McKirton,cmckirton2d@jigsy.com,Female,0.6.132.114
87,North,Crate,ncrate2e@latimes.com,Male,86.175.168.156
88,Germain,Huard,ghuard2f@java.com,Female,218.90.12.63
89,Brittaney,Georgescu,bgeorgescu2g@vk.com,Female,144.64.66.90
90,Jewell,Olifard,jolifard2h@furl.net,Female,132.55.46.160
91,Amory,Baldcock,abaldcock2i@google.com.au,Male,6.83.93.39
92,Miles,Hopfer,mhopfer2j@pinterest.com,Male,105.138.214.109
93,Consolata,MacCartan,cmaccartan2k@cloudflare.com,Female,146.55.182.210
94,Marco,Tejada,mtejada2l@mapquest.com,Male,122.37.29.61
95,Stephi,Pendrick,spendrick2m@tiny.cc,Female,75.97.19.54
96,Marrissa,Breens,mbreens2n@smh.com.au,Female,188.240.159.35
97,Mikey,Burkinshaw,mburkinshaw2o@shutterfly.com,Male,107.152.194.19
98,Eva,Guerrieri,eguerrieri2p@google.co.uk,Female,238.78.171.255
99,Kalie,Fennelly,kfennelly2q@netscape.com,Female,40.26.72.41
100,Jayme,Danielis,jdanielis2r@time.com,Male,64.64.138.178
